gsasii/simulation/BT1.prm	1558 bytes
gsasii/simulation/CuCr2O4.cif	1951 bytes
gsasii/simulation/CuO.cif	1272 bytes
gsasii/tof_cw_joint/11BM_NAC.fxye	2559057 bytes
gsasii/tof_cw_joint/11bm_gsas.prm	1148 bytes
gsasii/tof_cw_joint/CaF2.cif	5182 bytes
gsasii/tof_cw_joint/NAC-2015A.EXP	26732 bytes
gsasii/tof_cw_joint/NAC.cif	2726 bytes
gsasii/tof_cw_joint/PG3_22048.gsa	539658 bytes
gsasii/tof_cw_joint/PG3_22049.gsa	411204 bytes
gsasii/tof_cw_joint/POWGEN_1066.instprm	380 bytes
gsasii/tof_cw_joint/POWGEN_2665.instprm	378 bytes
